COD_VAR;LIB_VAR;LIB_VAR_LONG;COD_MOD;LIB_MOD;TYPE_VAR;LONG_VAR
NBMENFISC18;Nombre de ménages fiscaux;Nombre de ménages fiscaux;;;NUM;7
NBPERSMENFISC18;Nombre de personnes dans les ménages fiscaux;Nombre de personnes dans les ménages fiscaux;;;NUM;8
MED18;Médiane du niveau vie (€);Médiane du niveau de vie (€);;;NUM;5
PIMP18;Part des ménages fiscaux imposés (%);Part des ménages fiscaux imposés (%);;;NUM;4
TP6018;Taux de pauvreté-Ensemble (%);Taux de pauvreté-Ensemble (%);;;NUM;4
TP60AGE118;Taux de pauvreté-moins de 30 ans (%);Taux de pauvreté des personnes dans les ménages dont le référent fiscal a moins de 30 ans (%);;;NUM;4
TP60AGE218;Taux de pauvreté-30 à 39 ans  (%);Taux de pauvreté des personnes dans les ménages dont le référent fiscal a de 30 à 39 ans (%);;;NUM;4
TP60AGE318;Taux de pauvreté-40 à 49 ans (%);Taux de pauvreté des personnes dans les ménages dont le référent fiscal a de 40 à 49 ans (%);;;NUM;4
TP60AGE418;Taux de pauvreté-50 à 59 ans (%);Taux de pauvreté des personnes dans les ménages dont le référent fiscal a de 50 à 59 ans (%);;;NUM;4
TP60AGE518;Taux de pauvreté-60 à 74 ans (%);Taux de pauvreté des personnes dans les ménages dont le référent fiscal a de 60 à 74 ans (%);;;NUM;4
TP60AGE618;Taux de pauvreté-75 ans ou plus (%);Taux de pauvreté des personnes dans les ménages dont le référent fiscal a 75 ans ou plus (%);;;NUM;4
TP60TOL118;Taux de pauvreté-propriétaires (%);Taux de pauvreté des personnes dans les ménages propriétaires de leur logement (%);;;NUM;4
TP60TOL218;Taux de pauvreté-locataires (%);Taux de pauvreté des personnes dans les ménages locataires de leur logement (%);;;NUM;4
PACT18;Part des revenus d'activité (%);Part des revenus d'activité (%);;;NUM;4
PTSA18;dont part des salaires et traitements (%);dont part des salaires et traitements (%);;;NUM;4
PCHO18;dont part des indemnités de chômage (%);dont part des indemnités de chômage (%);;;NUM;3
PBEN18;dont part des revenus des activités non salariées (%);dont part des revenus des activités non salariées (%);;;NUM;4
PPEN18;Part des pensions, retraites et rentes (%);Part des pensions, retraites et rentes (%);;;NUM;4
PPAT18;Part des revenus du patrimoine et autres revenus (%);Part des revenus du patrimoine et des autres revenus (%);;;NUM;4
PPSOC18;Part de l'ensemble des prestations sociales (%);Part de l'ensemble des prestations sociales (%);;;NUM;4
PPFAM18;dont part des prestations familiales (%);dont part des prestations familiales (%);;;NUM;3
PPMINI18;dont part des minima sociaux (%);dont part des minima sociaux (%);;;NUM;4
PPLOGT18;dont part des prestations logement (%);dont part des prestations logement (%);;;NUM;3
PIMPOT18;Part des impôts (%);Part des impôts (%);;;NUM;5
D118;1er décile du niveau de vie (€);1er décile du niveau de vie (€);;;NUM;5
D918;9e décile du niveau de vie (€);9e décile du niveau de vie (€);;;NUM;5
RD18;Rapport interdécile 9e décile/1er décile;Rapport interdécile 9e décile/1er décile;;;NUM;3
CODGEO;Code géographique;Code géographique;001;Paris;CHAR;3
CODGEO;Code géographique;Code géographique;002;Lyon;CHAR;3
CODGEO;Code géographique;Code géographique;003;Marseille - Aix-en-Provence;CHAR;3
CODGEO;Code géographique;Code géographique;004;Lille (partie française);CHAR;3
CODGEO;Code géographique;Code géographique;005;Toulouse;CHAR;3
CODGEO;Code géographique;Code géographique;006;Bordeaux;CHAR;3
CODGEO;Code géographique;Code géographique;008;Nantes;CHAR;3
CODGEO;Code géographique;Code géographique;010;Strasbourg (partie française);CHAR;3
CODGEO;Code géographique;Code géographique;012;Montpellier;CHAR;3
CODGEO;Code géographique;Code géographique;013;Rennes;CHAR;3
CODGEO;Code géographique;Code géographique;014;Grenoble;CHAR;3
CODGEO;Code géographique;Code géographique;015;Rouen;CHAR;3
CODGEO;Code géographique;Code géographique;017;Nice;CHAR;3
CODGEO;Code géographique;Code géographique;018;Toulon;CHAR;3
CODGEO;Code géographique;Code géographique;019;Tours;CHAR;3
CODGEO;Code géographique;Code géographique;020;Nancy;CHAR;3
CODGEO;Code géographique;Code géographique;022;Clermont-Ferrand;CHAR;3
CODGEO;Code géographique;Code géographique;023;Saint-Étienne;CHAR;3
CODGEO;Code géographique;Code géographique;024;Caen;CHAR;3
CODGEO;Code géographique;Code géographique;025;Orléans;CHAR;3
CODGEO;Code géographique;Code géographique;026;Angers;CHAR;3
CODGEO;Code géographique;Code géographique;028;Dijon;CHAR;3
CODGEO;Code géographique;Code géographique;029;Mulhouse;CHAR;3
CODGEO;Code géographique;Code géographique;030;Perpignan;CHAR;3
CODGEO;Code géographique;Code géographique;031;Cannes - Antibes;CHAR;3
CODGEO;Code géographique;Code géographique;032;Brest;CHAR;3
CODGEO;Code géographique;Code géographique;033;Metz;CHAR;3
CODGEO;Code géographique;Code géographique;034;Le Mans;CHAR;3
CODGEO;Code géographique;Code géographique;035;Amiens;CHAR;3
CODGEO;Code géographique;Code géographique;036;Reims;CHAR;3
CODGEO;Code géographique;Code géographique;037;Nîmes;CHAR;3
CODGEO;Code géographique;Code géographique;038;Valenciennes (partie française);CHAR;3
CODGEO;Code géographique;Code géographique;039;Le Havre;CHAR;3
CODGEO;Code géographique;Code géographique;040;Avignon;CHAR;3
CODGEO;Code géographique;Code géographique;041;Limoges;CHAR;3
CODGEO;Code géographique;Code géographique;042;Lens - Liévin;CHAR;3
CODGEO;Code géographique;Code géographique;043;Annecy;CHAR;3
CODGEO;Code géographique;Code géographique;044;Pau;CHAR;3
CODGEO;Code géographique;Code géographique;045;Besançon;CHAR;3
CODGEO;Code géographique;Code géographique;046;Poitiers;CHAR;3
CODGEO;Code géographique;Code géographique;047;Bayonne (partie française);CHAR;3
CODGEO;Code géographique;Code géographique;048;Dunkerque;CHAR;3
CODGEO;Code géographique;Code géographique;049;Valence;CHAR;3
CODGEO;Code géographique;Code géographique;050;Chambéry;CHAR;3
CODGEO;Code géographique;Code géographique;051;La Rochelle;CHAR;3
CODGEO;Code géographique;Code géographique;052;Quimper;CHAR;3
CODGEO;Code géographique;Code géographique;053;Lorient;CHAR;3
CODGEO;Code géographique;Code géographique;054;Troyes;CHAR;3
CODGEO;Code géographique;Code géographique;055;Saint-Nazaire;CHAR;3
CODGEO;Code géographique;Code géographique;056;Saint-Brieuc;CHAR;3
CODGEO;Code géographique;Code géographique;057;Vannes;CHAR;3
CODGEO;Code géographique;Code géographique;058;Colmar;CHAR;3
CODGEO;Code géographique;Code géographique;059;Douai;CHAR;3
CODGEO;Code géographique;Code géographique;060;Béziers;CHAR;3
CODGEO;Code géographique;Code géographique;061;Montbéliard;CHAR;3
CODGEO;Code géographique;Code géographique;062;Angoulême;CHAR;3
CODGEO;Code géographique;Code géographique;063;Niort;CHAR;3
CODGEO;Code géographique;Code géographique;064;Bourges;CHAR;3
CODGEO;Code géographique;Code géographique;065;Chartres;CHAR;3
CODGEO;Code géographique;Code géographique;066;La Roche-sur-Yon;CHAR;3
CODGEO;Code géographique;Code géographique;067;Cholet;CHAR;3
CODGEO;Code géographique;Code géographique;068;Boulogne-sur-Mer;CHAR;3
CODGEO;Code géographique;Code géographique;069;Arras;CHAR;3
CODGEO;Code géographique;Code géographique;070;Chalon-sur-Saône;CHAR;3
CODGEO;Code géographique;Code géographique;071;Cherbourg-en-Cotentin;CHAR;3
CODGEO;Code géographique;Code géographique;072;Narbonne;CHAR;3
CODGEO;Code géographique;Code géographique;073;Calais;CHAR;3
CODGEO;Code géographique;Code géographique;074;Blois;CHAR;3
CODGEO;Code géographique;Code géographique;075;Laval;CHAR;3
CODGEO;Code géographique;Code géographique;076;Beauvais;CHAR;3
CODGEO;Code géographique;Code géographique;077;Maubeuge (partie française);CHAR;3
CODGEO;Code géographique;Code géographique;078;Compiègne;CHAR;3
CODGEO;Code géographique;Code géographique;079;Roanne;CHAR;3
CODGEO;Code géographique;Code géographique;080;Bourg-en-Bresse;CHAR;3
CODGEO;Code géographique;Code géographique;081;Montauban;CHAR;3
CODGEO;Code géographique;Code géographique;082;Albi;CHAR;3
CODGEO;Code géographique;Code géographique;083;Évreux;CHAR;3
CODGEO;Code géographique;Code géographique;084;Mâcon;CHAR;3
CODGEO;Code géographique;Code géographique;085;Tarbes;CHAR;3
CODGEO;Code géographique;Code géographique;086;Belfort;CHAR;3
CODGEO;Code géographique;Code géographique;087;Brive-la-Gaillarde;CHAR;3
CODGEO;Code géographique;Code géographique;088;Saint-Malo;CHAR;3
CODGEO;Code géographique;Code géographique;089;Alès;CHAR;3
CODGEO;Code géographique;Code géographique;090;Charleville-Mézières;CHAR;3
CODGEO;Code géographique;Code géographique;091;Carcassonne;CHAR;3
CODGEO;Code géographique;Code géographique;092;Fréjus;CHAR;3
CODGEO;Code géographique;Code géographique;093;Agen;CHAR;3
CODGEO;Code géographique;Code géographique;094;Saint-Quentin;CHAR;3
CODGEO;Code géographique;Code géographique;095;Épinal;CHAR;3
CODGEO;Code géographique;Code géographique;096;Saint-Omer;CHAR;3
CODGEO;Code géographique;Code géographique;097;Nevers;CHAR;3
CODGEO;Code géographique;Code géographique;098;Ajaccio;CHAR;3
CODGEO;Code géographique;Code géographique;100;Châteauroux;CHAR;3
CODGEO;Code géographique;Code géographique;101;Périgueux;CHAR;3
CODGEO;Code géographique;Code géographique;102;Auxerre;CHAR;3
CODGEO;Code géographique;Code géographique;103;Rodez;CHAR;3
CODGEO;Code géographique;Code géographique;104;Bastia;CHAR;3
CODGEO;Code géographique;Code géographique;105;Castres;CHAR;3
CODGEO;Code géographique;Code géographique;106;Mont-de-Marsan;CHAR;3
CODGEO;Code géographique;Code géographique;107;Montélimar;CHAR;3
CODGEO;Code géographique;Code géographique;108;Cambrai;CHAR;3
CODGEO;Code géographique;Code géographique;109;Montluçon;CHAR;3
CODGEO;Code géographique;Code géographique;110;Vichy;CHAR;3
CODGEO;Code géographique;Code géographique;111;Dax;CHAR;3
CODGEO;Code géographique;Code géographique;112;Châlons-en-Champagne;CHAR;3
CODGEO;Code géographique;Code géographique;113;Lannion;CHAR;3
CODGEO;Code géographique;Code géographique;114;Dieppe;CHAR;3
CODGEO;Code géographique;Code géographique;115;Le Puy-en-Velay;CHAR;3
CODGEO;Code géographique;Code géographique;116;Alençon;CHAR;3
CODGEO;Code géographique;Code géographique;117;Châtellerault;CHAR;3
CODGEO;Code géographique;Code géographique;118;Sens;CHAR;3
CODGEO;Code géographique;Code géographique;119;Gap;CHAR;3
CODGEO;Code géographique;Code géographique;120;Saintes;CHAR;3
CODGEO;Code géographique;Code géographique;121;Sarreguemines (partie française);CHAR;3
CODGEO;Code géographique;Code géographique;122;Moulins;CHAR;3
CODGEO;Code géographique;Code géographique;123;Aurillac;CHAR;3
CODGEO;Code géographique;Code géographique;124;Saint-Lô;CHAR;3
CODGEO;Code géographique;Code géographique;125;Béthune;CHAR;3
CODGEO;Code géographique;Code géographique;126;Draguignan;CHAR;3
CODGEO;Code géographique;Code géographique;127;Haguenau;CHAR;3
CODGEO;Code géographique;Code géographique;128;Soissons;CHAR;3
CODGEO;Code géographique;Code géographique;129;Bergerac;CHAR;3
CODGEO;Code géographique;Code géographique;130;Montargis;CHAR;3
CODGEO;Code géographique;Code géographique;131;Royan;CHAR;3
CODGEO;Code géographique;Code géographique;132;Lons-le-Saunier;CHAR;3
CODGEO;Code géographique;Code géographique;133;Saumur;CHAR;3
CODGEO;Code géographique;Code géographique;134;Dole;CHAR;3
CODGEO;Code géographique;Code géographique;135;Salon-de-Provence;CHAR;3
CODGEO;Code géographique;Code géographique;136;Laon;CHAR;3
CODGEO;Code géographique;Code géographique;137;Manosque;CHAR;3
CODGEO;Code géographique;Code géographique;138;Vesoul;CHAR;3
CODGEO;Code géographique;Code géographique;139;Les Sables-d'Olonne;CHAR;3
CODGEO;Code géographique;Code géographique;140;Rochefort;CHAR;3
CODGEO;Code géographique;Code géographique;141;Romans-sur-Isère;CHAR;3
CODGEO;Code géographique;Code géographique;142;Saint-Dié-des-Vosges;CHAR;3
CODGEO;Code géographique;Code géographique;143;Aubenas;CHAR;3
CODGEO;Code géographique;Code géographique;144;Louviers;CHAR;3
CODGEO;Code géographique;Code géographique;145;Auch;CHAR;3
CODGEO;Code géographique;Code géographique;146;Saint-Dizier;CHAR;3
CODGEO;Code géographique;Code géographique;147;Roussillon;CHAR;3
CODGEO;Code géographique;Code géographique;148;Carpentras;CHAR;3
CODGEO;Code géographique;Code géographique;149;Morlaix;CHAR;3
CODGEO;Code géographique;Code géographique;150;Arles;CHAR;3
CODGEO;Code géographique;Code géographique;151;Thonon-les-Bains;CHAR;3
CODGEO;Code géographique;Code géographique;152;Cognac;CHAR;3
CODGEO;Code géographique;Code géographique;153;Cahors;CHAR;3
CODGEO;Code géographique;Code géographique;154;Villeneuve-sur-Lot;CHAR;3
CODGEO;Code géographique;Code géographique;155;Ancenis-Saint-Géréon;CHAR;3
CODGEO;Code géographique;Code géographique;156;Auchel - Lillers;CHAR;3
CODGEO;Code géographique;Code géographique;157;Épernay;CHAR;3
CODGEO;Code géographique;Code géographique;158;Sélestat;CHAR;3
CODGEO;Code géographique;Code géographique;159;Libourne;CHAR;3
CODGEO;Code géographique;Code géographique;160;Chaumont;CHAR;3
CODGEO;Code géographique;Code géographique;161;Annonay;CHAR;3
CODGEO;Code géographique;Code géographique;162;Lisieux;CHAR;3
CODGEO;Code géographique;Code géographique;163;Cluses;CHAR;3
CODGEO;Code géographique;Code géographique;164;Abbeville;CHAR;3
CODGEO;Code géographique;Code géographique;165;Orange;CHAR;3
CODGEO;Code géographique;Code géographique;166;Agde;CHAR;3
CODGEO;Code géographique;Code géographique;167;Albertville;CHAR;3
CODGEO;Code géographique;Code géographique;168;Oyonnax;CHAR;3
CODGEO;Code géographique;Code géographique;169;Vitré;CHAR;3
CODGEO;Code géographique;Code géographique;170;Sarrebourg;CHAR;3
CODGEO;Code géographique;Code géographique;171;Flers;CHAR;3
CODGEO;Code géographique;Code géographique;172;Fougères;CHAR;3
CODGEO;Code géographique;Code géographique;173;Les Herbiers;CHAR;3
CODGEO;Code géographique;Code géographique;174;Beaune;CHAR;3
CODGEO;Code géographique;Code géographique;175;Marmande;CHAR;3
CODGEO;Code géographique;Code géographique;176;Montceau-les-Mines;CHAR;3
CODGEO;Code géographique;Code géographique;177;Bar-le-Duc;CHAR;3
CODGEO;Code géographique;Code géographique;178;Saint-Avold (partie française);CHAR;3
CODGEO;Code géographique;Code géographique;179;Guéret;CHAR;3
CODGEO;Code géographique;Code géographique;180;Challans;CHAR;3
CODGEO;Code géographique;Code géographique;181;Pontarlier;CHAR;3
CODGEO;Code géographique;Code géographique;182;Vendôme;CHAR;3
CODGEO;Code géographique;Code géographique;183;Le Creusot;CHAR;3
CODGEO;Code géographique;Code géographique;184;Longwy;CHAR;3
CODGEO;Code géographique;Code géographique;185;Bagnols-sur-Cèze;CHAR;3
CODGEO;Code géographique;Code géographique;186;Granville;CHAR;3
CODGEO;Code géographique;Code géographique;187;Dinan;CHAR;3
CODGEO;Code géographique;Code géographique;188;Redon;CHAR;3
CODGEO;Code géographique;Code géographique;189;Bressuire;CHAR;3
CODGEO;Code géographique;Code géographique;190;Pierrelatte;CHAR;3
CODGEO;Code géographique;Code géographique;191;Sablé-sur-Sarthe;CHAR;3
CODGEO;Code géographique;Code géographique;192;Saint-Hilaire-de-Riez;CHAR;3
CODGEO;Code géographique;Code géographique;193;Verdun;CHAR;3
CODGEO;Code géographique;Code géographique;194;Issoire;CHAR;3
CODGEO;Code géographique;Code géographique;195;Saint-Gaudens;CHAR;3
CODGEO;Code géographique;Code géographique;196;Gien;CHAR;3
CODGEO;Code géographique;Code géographique;197;Forbach (partie française);CHAR;3
CODGEO;Code géographique;Code géographique;198;Vire Normandie;CHAR;3
CODGEO;Code géographique;Code géographique;199;Pamiers;CHAR;3
CODGEO;Code géographique;Code géographique;200;Sète;CHAR;3
CODGEO;Code géographique;Code géographique;201;Cavaillon;CHAR;3
CODGEO;Code géographique;Code géographique;202;Montaigu-Vendée;CHAR;3
CODGEO;Code géographique;Code géographique;203;Romorantin-Lanthenay;CHAR;3
CODGEO;Code géographique;Code géographique;204;Fontenay-le-Comte;CHAR;3
CODGEO;Code géographique;Code géographique;205;Coutances;CHAR;3
CODGEO;Code géographique;Code géographique;206;Tulle;CHAR;3
CODGEO;Code géographique;Code géographique;207;Pontivy;CHAR;3
CODGEO;Code géographique;Code géographique;208;Vierzon;CHAR;3
CODGEO;Code géographique;Code géographique;209;Château-Thierry;CHAR;3
CODGEO;Code géographique;Code géographique;210;Montbrison;CHAR;3
CODGEO;Code géographique;Code géographique;211;Arcachon - La Teste-de-Buch;CHAR;3
CODGEO;Code géographique;Code géographique;212;Chemillé-en-Anjou;CHAR;3
CODGEO;Code géographique;Code géographique;213;Brignoles;CHAR;3
CODGEO;Code géographique;Code géographique;214;Quimperlé;CHAR;3
CODGEO;Code géographique;Code géographique;215;Argentan;CHAR;3
CODGEO;Code géographique;Code géographique;216;Sedan;CHAR;3
CODGEO;Code géographique;Code géographique;217;Thouars;CHAR;3
CODGEO;Code géographique;Code géographique;218;Vitry-le-François;CHAR;3
CODGEO;Code géographique;Code géographique;219;Mayenne;CHAR;3
CODGEO;Code géographique;Code géographique;220;Fécamp;CHAR;3
CODGEO;Code géographique;Code géographique;221;Noeux-les-Mines;CHAR;3
CODGEO;Code géographique;Code géographique;222;Beaucaire;CHAR;3
CODGEO;Code géographique;Code géographique;223;Châteaudun;CHAR;3
CODGEO;Code géographique;Code géographique;224;Millau;CHAR;3
CODGEO;Code géographique;Code géographique;225;Thiers;CHAR;3
CODGEO;Code géographique;Code géographique;226;Figeac;CHAR;3
CODGEO;Code géographique;Code géographique;227;La Ferté-Bernard;CHAR;3
CODGEO;Code géographique;Code géographique;228;Châteaubriant;CHAR;3
CODGEO;Code géographique;Code géographique;229;Loudéac;CHAR;3
CODGEO;Code géographique;Code géographique;230;Bernay;CHAR;3
CODGEO;Code géographique;Code géographique;231;Pornic;CHAR;3
CODGEO;Code géographique;Code géographique;232;Caudry;CHAR;3
CODGEO;Code géographique;Code géographique;233;Sarlat-la-Canéda;CHAR;3
CODGEO;Code géographique;Code géographique;234;Avranches;CHAR;3
CODGEO;Code géographique;Code géographique;235;Berck;CHAR;3
CODGEO;Code géographique;Code géographique;236;Hazebrouck;CHAR;3
CODGEO;Code géographique;Code géographique;237;Pont-Audemer;CHAR;3
CODGEO;Code géographique;Code géographique;238;Trouville-sur-Mer;CHAR;3
CODGEO;Code géographique;Code géographique;239;Autun;CHAR;3
CODGEO;Code géographique;Code géographique;240;Remiremont;CHAR;3
CODGEO;Code géographique;Code géographique;241;Parthenay;CHAR;3
CODGEO;Code géographique;Code géographique;242;Noyon;CHAR;3
CODGEO;Code géographique;Code géographique;243;Ambérieu-en-Bugey;CHAR;3
CODGEO;Code géographique;Code géographique;244;Château-Gontier-sur-Mayenne;CHAR;3
CODGEO;Code géographique;Code géographique;245;Villefranche-de-Rouergue;CHAR;3
CODGEO;Code géographique;Code géographique;246;Friville-Escarbotin;CHAR;3
CODGEO;Code géographique;Code géographique;247;Étaples - Le Touquet-Paris-Plage;CHAR;3
CODGEO;Code géographique;Code géographique;248;Eu;CHAR;3
CODGEO;Code géographique;Code géographique;249;Sallanches;CHAR;3
CODGEO;Code géographique;Code géographique;250;Val de Briey;CHAR;3
CODGEO;Code géographique;Code géographique;251;Digne-les-Bains;CHAR;3
CODGEO;Code géographique;Code géographique;252;Nogent-le-Rotrou;CHAR;3
CODGEO;Code géographique;Code géographique;253;Oloron-Sainte-Marie;CHAR;3
CODGEO;Code géographique;Code géographique;254;Cosne-Cours-sur-Loire;CHAR;3
CODGEO;Code géographique;Code géographique;255;Ploërmel;CHAR;3
CODGEO;Code géographique;Code géographique;256;Bruay-la-Buissière;CHAR;3
CODGEO;Code géographique;Code géographique;257;Guingamp;CHAR;3
CODGEO;Code géographique;Code géographique;258;Segré-en-Anjou Bleu;CHAR;3
CODGEO;Code géographique;Code géographique;259;Luxeuil-les-Bains;CHAR;3
CODGEO;Code géographique;Code géographique;260;Langres;CHAR;3
CODGEO;Code géographique;Code géographique;261;Hendaye (partie française);CHAR;3
CODGEO;Code géographique;Code géographique;262;L'Aigle;CHAR;3
CODGEO;Code géographique;Code géographique;263;Aire-sur-la-Lys;CHAR;3
CODGEO;Code géographique;Code géographique;264;Romilly-sur-Seine;CHAR;3
CODGEO;Code géographique;Code géographique;265;Bayeux;CHAR;3
CODGEO;Code géographique;Code géographique;266;Biscarrosse;CHAR;3
CODGEO;Code géographique;Code géographique;267;Privas;CHAR;3
CODGEO;Code géographique;Code géographique;268;Castelnaudary;CHAR;3
CODGEO;Code géographique;Code géographique;269;Miramas;CHAR;3
CODGEO;Code géographique;Code géographique;270;Pithiviers;CHAR;3
CODGEO;Code géographique;Code géographique;271;Biars-sur-Cère - Saint-Céré;CHAR;3
CODGEO;Code géographique;Code géographique;272;Pleyben - Châteaulin;CHAR;3
CODGEO;Code géographique;Code géographique;273;Chauny;CHAR;3
CODGEO;Code géographique;Code géographique;274;Pont-à-Mousson;CHAR;3
CODGEO;Code géographique;Code géographique;275;Apt;CHAR;3
CODGEO;Code géographique;Code géographique;276;Gray;CHAR;3
CODGEO;Code géographique;Code géographique;277;Péronne;CHAR;3
CODGEO;Code géographique;Code géographique;278;Mende;CHAR;3
CODGEO;Code géographique;Code géographique;279;Avallon;CHAR;3
CODGEO;Code géographique;Code géographique;280;Creutzwald;CHAR;3
CODGEO;Code géographique;Code géographique;281;Foix;CHAR;3
CODGEO;Code géographique;Code géographique;282;Lourdes;CHAR;3
CODGEO;Code géographique;Code géographique;283;Tergnier;CHAR;3
CODGEO;Code géographique;Code géographique;284;Saint-Girons;CHAR;3
CODGEO;Code géographique;Code géographique;285;Saint-Jean-de-Maurienne;CHAR;3
CODGEO;Code géographique;Code géographique;286;Belley;CHAR;3
CODGEO;Code géographique;Code géographique;287;Fourmies;CHAR;3
CODGEO;Code géographique;Code géographique;288;La Flèche;CHAR;3
CODGEO;Code géographique;Code géographique;289;Landivisiau;CHAR;3
CODGEO;Code géographique;Code géographique;290;Briançon;CHAR;3
CODGEO;Code géographique;Code géographique;291;Lure;CHAR;3
CODGEO;Code géographique;Code géographique;292;Paimpol;CHAR;3
CODGEO;Code géographique;Code géographique;293;Saint-Pol-sur-Ternoise;CHAR;3
CODGEO;Code géographique;Code géographique;294;Chinon;CHAR;3
CODGEO;Code géographique;Code géographique;295;Saint-Marcellin;CHAR;3
CODGEO;Code géographique;Code géographique;296;Roscoff - Saint-Pol-de-Léon;CHAR;3
CODGEO;Code géographique;Code géographique;297;Vittel - Contrexéville;CHAR;3
CODGEO;Code géographique;Code géographique;298;Porto-Vecchio;CHAR;3
CODGEO;Code géographique;Code géographique;299;Yvetot;CHAR;3
CODGEO;Code géographique;Code géographique;300;Saint-Amand-Montrond;CHAR;3
CODGEO;Code géographique;Code géographique;301;Le Luc;CHAR;3
CODGEO;Code géographique;Code géographique;302;Capbreton;CHAR;3
CODGEO;Code géographique;Code géographique;303;Somain;CHAR;3
CODGEO;Code géographique;Code géographique;304;L'Isle-sur-la-Sorgue;CHAR;3
CODGEO;Code géographique;Code géographique;305;Carhaix-Plouguer;CHAR;3
CODGEO;Code géographique;Code géographique;306;Gaillac;CHAR;3
CODGEO;Code géographique;Code géographique;307;Neufchâteau;CHAR;3
CODGEO;Code géographique;Code géographique;308;Hirson;CHAR;3
CODGEO;Code géographique;Code géographique;309;Ussel;CHAR;3
CODGEO;Code géographique;Code géographique;310;Orthez;CHAR;3
CODGEO;Code géographique;Code géographique;311;Luçon;CHAR;3
CODGEO;Code géographique;Code géographique;312;Lannemezan;CHAR;3
CODGEO;Code géographique;Code géographique;313;Morteau;CHAR;3
CODGEO;Code géographique;Code géographique;314;Bédarieux;CHAR;3
CODGEO;Code géographique;Code géographique;315;Saint-Jean-d'Angély;CHAR;3
CODGEO;Code géographique;Code géographique;316;Le Grau-du-Roi;CHAR;3
CODGEO;Code géographique;Code géographique;317;Amnéville - Rombas;CHAR;3
CODGEO;Code géographique;Code géographique;318;Issoudun;CHAR;3
CODGEO;Code géographique;Code géographique;319;Saint-Claude;CHAR;3
CODGEO;Code géographique;Code géographique;320;Feurs;CHAR;3
CODGEO;Code géographique;Code géographique;321;Évron;CHAR;3
CODGEO;Code géographique;Code géographique;322;Freyming-Merlebach (partie française);CHAR;3
CODGEO;Code géographique;Code géographique;323;Saint-Flour;CHAR;3
CODGEO;Code géographique;Code géographique;324;Brioude;CHAR;3
CODGEO;Code géographique;Code géographique;325;Uzès;CHAR;3
CODGEO;Code géographique;Code géographique;326;Joigny;CHAR;3
CODGEO;Code géographique;Code géographique;327;Limoux;CHAR;3
CODGEO;Code géographique;Code géographique;328;Loches;CHAR;3
CODGEO;Code géographique;Code géographique;329;Moissac;CHAR;3
CODGEO;Code géographique;Code géographique;330;Decazeville;CHAR;3
CODGEO;Code géographique;Code géographique;331;Ambert;CHAR;3
CODGEO;Code géographique;Code géographique;332;Mauges-sur-Loire;CHAR;3
CODGEO;Code géographique;Code géographique;333;Louhans;CHAR;3
CODGEO;Code géographique;Code géographique;334;Valréas;CHAR;3
CODGEO;Code géographique;Code géographique;335;Tournon-sur-Rhône;CHAR;3
CODGEO;Code géographique;Code géographique;336;Paray-le-Monial;CHAR;3
CODGEO;Code géographique;Code géographique;337;Chantonnay;CHAR;3
CODGEO;Code géographique;Code géographique;338;Champagnole;CHAR;3
CODGEO;Code géographique;Code géographique;339;Revel;CHAR;3
CODGEO;Code géographique;Code géographique;340;Lavelanet;CHAR;3
CODGEO;Code géographique;Code géographique;341;Bollène;CHAR;3
CODGEO;Code géographique;Code géographique;342;Crest;CHAR;3
CODGEO;Code géographique;Code géographique;343;Sisteron;CHAR;3
CODGEO;Code géographique;Code géographique;344;Bourg-Saint-Maurice;CHAR;3
CODGEO;Code géographique;Code géographique;345;Pézenas;CHAR;3
CODGEO;Code géographique;Code géographique;346;Verneuil d'Avre et d'Iton;CHAR;3
CODGEO;Code géographique;Code géographique;347;Loudun;CHAR;3
CODGEO;Code géographique;Code géographique;348;Le Blanc;CHAR;3
CODGEO;Code géographique;Code géographique;349;Sainte-Maxime;CHAR;3
CODGEO;Code géographique;Code géographique;350;Gérardmer;CHAR;3
CODGEO;Code géographique;Code géographique;351;La Ferté Macé;CHAR;3
CODGEO;Code géographique;Code géographique;352;Honfleur;CHAR;3
CODGEO;Code géographique;Code géographique;353;Crozon;CHAR;3
CODGEO;Code géographique;Code géographique;354;Jonzac;CHAR;3
CODGEO;Code géographique;Code géographique;355;Lesparre-Médoc;CHAR;3
CODGEO;Code géographique;Code géographique;356;Castelsarrasin;CHAR;3
CODGEO;Code géographique;Code géographique;357;Belleville-en-Beaujolais;CHAR;3
CODGEO;Code géographique;Code géographique;358;Carentan-les-Marais;CHAR;3
CODGEO;Code géographique;Code géographique;359;Vaison-la-Romaine;CHAR;3
CODGEO;Code géographique;Code géographique;360;Pineuilh;CHAR;3
CODGEO;Code géographique;Code géographique;361;Nérac;CHAR;3
CODGEO;Code géographique;Code géographique;362;Doué-en-Anjou;CHAR;3
CODGEO;Code géographique;Code géographique;363;Prades;CHAR;3
CODGEO;Code géographique;Code géographique;364;La Tour-du-Pin;CHAR;3
CODGEO;Code géographique;Code géographique;365;Châtillon-sur-Seine;CHAR;3
CODGEO;Code géographique;Code géographique;366;Tonneins;CHAR;3
CODGEO;Code géographique;Code géographique;367;Graulhet;CHAR;3
CODGEO;Code géographique;Code géographique;368;Wissembourg (partie française);CHAR;3
CODGEO;Code géographique;Code géographique;369;Surgères;CHAR;3
CODGEO;Code géographique;Code géographique;370;Decize;CHAR;3
CODGEO;Code géographique;Code géographique;371;Bormes-les-Mimosas;CHAR;3
CODGEO;Code géographique;Code géographique;372;Commercy;CHAR;3
CODGEO;Code géographique;Code géographique;373;Barbezieux-Saint-Hilaire;CHAR;3
CODGEO;Code géographique;Code géographique;374;Tarare;CHAR;3
CODGEO;Code géographique;Code géographique;375;Saint-Vallier;CHAR;3
CODGEO;Code géographique;Code géographique;376;Pont-Saint-Esprit;CHAR;3
CODGEO;Code géographique;Code géographique;377;Montpon-Ménestérol;CHAR;3
CODGEO;Code géographique;Code géographique;378;Hesdin;CHAR;3
CODGEO;Code géographique;Code géographique;379;Maîche;CHAR;3
CODGEO;Code géographique;Code géographique;380;Avesnes-sur-Helpe;CHAR;3
CODGEO;Code géographique;Code géographique;381;Montval-sur-Loir;CHAR;3
CODGEO;Code géographique;Code géographique;382;Montmorillon;CHAR;3
CODGEO;Code géographique;Code géographique;383;Clamecy;CHAR;3
CODGEO;Code géographique;Code géographique;384;Saint-Gervais-les-Bains;CHAR;3
CODGEO;Code géographique;Code géographique;385;Fumel;CHAR;3
CODGEO;Code géographique;Code géographique;386;Ruffec;CHAR;3
CODGEO;Code géographique;Code géographique;387;Essarts en Bocage;CHAR;3
CODGEO;Code géographique;Code géographique;388;Saint-Yrieix-la-Perche;CHAR;3
CODGEO;Code géographique;Code géographique;389;Bar-sur-Aube;CHAR;3
CODGEO;Code géographique;Code géographique;390;Yssingeaux;CHAR;3
CODGEO;Code géographique;Code géographique;391;Blaye;CHAR;3
CODGEO;Code géographique;Code géographique;392;Semur-en-Auxois;CHAR;3
CODGEO;Code géographique;Code géographique;393;Saint-Chély-d'Apcher;CHAR;3
CODGEO;Code géographique;Code géographique;394;Auray;CHAR;3
CODGEO;Code géographique;Code géographique;395;Dives-sur-Mer;CHAR;3
CODGEO;Code géographique;Code géographique;396;Valence;CHAR;3
CODGEO;Code géographique;Code géographique;397;Sézanne;CHAR;3
CODGEO;Code géographique;Code géographique;398;Bagnères-de-Bigorre;CHAR;3
CODGEO;Code géographique;Code géographique;399;Saint-Martin-de-Crau;CHAR;3
CODGEO;Code géographique;Code géographique;400;Gournay-en-Bray;CHAR;3
CODGEO;Code géographique;Code géographique;401;Roye;CHAR;3
CODGEO;Code géographique;Code géographique;402;Le Cateau-Cambrésis;CHAR;3
CODGEO;Code géographique;Code géographique;403;Aubigny-sur-Nère;CHAR;3
CODGEO;Code géographique;Code géographique;404;Saint-Affrique;CHAR;3
CODGEO;Code géographique;Code géographique;405;Cogolin;CHAR;3
CODGEO;Code géographique;Code géographique;406;Condom;CHAR;3
CODGEO;Code géographique;Code géographique;407;Mazamet;CHAR;3
CODGEO;Code géographique;Code géographique;408;Chamonix-Mont-Blanc;CHAR;3
CODGEO;Code géographique;Code géographique;409;Lillebonne;CHAR;3
CODGEO;Code géographique;Code géographique;410;Gourdon;CHAR;3
CODGEO;Code géographique;Code géographique;411;Pouzauges;CHAR;3
CODGEO;Code géographique;Code géographique;412;Nyons;CHAR;3
CODGEO;Code géographique;Code géographique;413;Nogent-sur-Seine;CHAR;3
CODGEO;Code géographique;Code géographique;414;Corte;CHAR;3
CODGEO;Code géographique;Code géographique;415;Tonnerre;CHAR;3
CODGEO;Code géographique;Code géographique;416;Digoin;CHAR;3
CODGEO;Code géographique;Code géographique;417;Givet;CHAR;3
CODGEO;Code géographique;Code géographique;418;Mortagne-au-Perche;CHAR;3
CODGEO;Code géographique;Code géographique;419;Aubusson;CHAR;3
CODGEO;Code géographique;Code géographique;420;La Côte-Saint-André;CHAR;3
CODGEO;Code géographique;Code géographique;421;Aire-sur-l'Adour;CHAR;3
CODGEO;Code géographique;Code géographique;422;Hauts de Bienne;CHAR;3
CODGEO;Code géographique;Code géographique;423;Moûtiers;CHAR;3
CODGEO;Code géographique;Code géographique;424;Jarny;CHAR;3
CODGEO;Code géographique;Code géographique;425;Ribérac;CHAR;3
CODGEO;Code géographique;Code géographique;426;Delle (partie française);CHAR;3
CODGEO;Code géographique;Code géographique;427;Embrun;CHAR;3
CODGEO;Code géographique;Code géographique;428;Sully-sur-Loire;CHAR;3
CODGEO;Code géographique;Code géographique;429;Saint-Florentin;CHAR;3
CODGEO;Code géographique;Code géographique;430;Calvi;CHAR;3
CODGEO;Code géographique;Code géographique;431;Guer;CHAR;3
CODGEO;Code géographique;Code géographique;432;Vidauban;CHAR;3
CODGEO;Code géographique;Code géographique;433;Baugé-en-Anjou;CHAR;3
CODGEO;Code géographique;Code géographique;434;Nontron;CHAR;3
CODGEO;Code géographique;Code géographique;435;La Souterraine;CHAR;3
CODGEO;Code géographique;Code géographique;436;Gueugnon;CHAR;3
CODGEO;Code géographique;Code géographique;437;Beaurepaire;CHAR;3
CODGEO;Code géographique;Code géographique;438;Valdahon;CHAR;3
CODGEO;Code géographique;Code géographique;439;Marennes-Hiers-Brouage;CHAR;3
CODGEO;Code géographique;Code géographique;440;La Réole;CHAR;3
CODGEO;Code géographique;Code géographique;441;Saint-Hilaire-du-Harcouët;CHAR;3
CODGEO;Code géographique;Code géographique;442;Montbard;CHAR;3
CODGEO;Code géographique;Code géographique;443;Lodève;CHAR;3
CODGEO;Code géographique;Code géographique;444;Le Pouliguen;CHAR;3
CODGEO;Code géographique;Code géographique;445;Pauillac;CHAR;3
CODGEO;Code géographique;Code géographique;446;Tournus;CHAR;3
CODGEO;Code géographique;Code géographique;447;La Châtaigneraie;CHAR;3
CODGEO;Code géographique;Code géographique;448;Mirecourt;CHAR;3
CODGEO;Code géographique;Code géographique;449;Sainte-Menehould;CHAR;3
CODGEO;Code géographique;Code géographique;450;Ham;CHAR;3
CODGEO;Code géographique;Code géographique;451;Le Thillot;CHAR;3
CODGEO;Code géographique;Code géographique;452;La Châtre;CHAR;3
CODGEO;Code géographique;Code géographique;453;Saint-Jean-de-Monts;CHAR;3
CODGEO;Code géographique;Code géographique;454;Saint-Maixent-l'École;CHAR;3
CODGEO;Code géographique;Code géographique;455;Mimizan;CHAR;3
CODGEO;Code géographique;Code géographique;456;Bazas;CHAR;3
CODGEO;Code géographique;Code géographique;457;Montrichard Val de Cher;CHAR;3
CODGEO;Code géographique;Code géographique;458;Ciboure;CHAR;3
CODGEO;Code géographique;Code géographique;459;Saint-Rémy-de-Provence;CHAR;3
CODGEO;Code géographique;Code géographique;460;Saint-Pourçain-sur-Sioule;CHAR;3
CODGEO;Code géographique;Code géographique;461;Faulquemont;CHAR;3
CODGEO;Code géographique;Code géographique;462;Ernée;CHAR;3
CODGEO;Code géographique;Code géographique;463;La Londe-les-Maures;CHAR;3
CODGEO;Code géographique;Code géographique;464;La Tremblade;CHAR;3
CODGEO;Code géographique;Code géographique;465;Vouziers;CHAR;3
CODGEO;Code géographique;Code géographique;466;Guise;CHAR;3
CODGEO;Code géographique;Code géographique;467;Le Vigan;CHAR;3
CODGEO;Code géographique;Code géographique;468;Die;CHAR;3
CODGEO;Code géographique;Code géographique;469;Rostrenen;CHAR;3
CODGEO;Code géographique;Code géographique;470;Mamers;CHAR;3
CODGEO;Code géographique;Code géographique;471;Bort-les-Orgues;CHAR;3
CODGEO;Code géographique;Code géographique;472;Montdidier;CHAR;3
CODGEO;Code géographique;Code géographique;473;Migennes;CHAR;3
CODGEO;Code géographique;Code géographique;474;La Guerche-de-Bretagne;CHAR;3
CODGEO;Code géographique;Code géographique;475;Rambervillers;CHAR;3
CODGEO;Code géographique;Code géographique;476;Merville;CHAR;3
CODGEO;Code géographique;Code géographique;477;Le Mené;CHAR;3
CODGEO;Code géographique;Code géographique;478;Saint-Éloy-les-Mines;CHAR;3
CODGEO;Code géographique;Code géographique;479;Joinville;CHAR;3
CODGEO;Code géographique;Code géographique;480;Les Andelys;CHAR;3
CODGEO;Code géographique;Code géographique;481;Sainte-Marie-aux-Mines;CHAR;3
CODGEO;Code géographique;Code géographique;482;Saint-Valery-en-Caux;CHAR;3
CODGEO;Code géographique;Code géographique;483;Hagetmau;CHAR;3
CODGEO;Code géographique;Code géographique;484;Neufchâtel-en-Bray;CHAR;3
CODGEO;Code géographique;Code géographique;485;Mauléon-Licharre;CHAR;3
CODGEO;Code géographique;Code géographique;486;Marvejols;CHAR;3
CODGEO;Code géographique;Code géographique;487;Melle;CHAR;3
CODGEO;Code géographique;Code géographique;488;Confolens;CHAR;3
CODGEO;Code géographique;Code géographique;489;Le Neubourg;CHAR;3
CODGEO;Code géographique;Code géographique;490;Céret;CHAR;3
CODGEO;Code géographique;Code géographique;491;Bapaume;CHAR;3
CODGEO;Code géographique;Code géographique;492;Saint-Tropez;CHAR;3
CODGEO;Code géographique;Code géographique;493;Villedieu-les-Poêles-Rouffigny;CHAR;3
CODGEO;Code géographique;Code géographique;494;Le Nouvion-en-Thiérache;CHAR;3
CODGEO;Code géographique;Code géographique;495;L'Île-Rousse;CHAR;3
CODGEO;Code géographique;Code géographique;496;Mourenx;CHAR;3
CODGEO;Code géographique;Code géographique;497;Soustons;CHAR;3
CODGEO;Code géographique;Code géographique;498;Craon;CHAR;3
CODGEO;Code géographique;Code géographique;499;Égletons;CHAR;3
CODGEO;Code géographique;Code géographique;500;Poligny;CHAR;3
CODGEO;Code géographique;Code géographique;501;Bouzonville;CHAR;3
CODGEO;Code géographique;Code géographique;502;Saint-Palais;CHAR;3
CODGEO;Code géographique;Code géographique;503;Le Cheylard;CHAR;3
CODGEO;Code géographique;Code géographique;504;Saint-Chamas;CHAR;3
CODGEO;Code géographique;Code géographique;505;Lagnieu;CHAR;3
CODGEO;Code géographique;Code géographique;506;Gramat;CHAR;3
CODGEO;Code géographique;Code géographique;507;Condé-en-Normandie;CHAR;3
CODGEO;Code géographique;Code géographique;508;Farébersviller;CHAR;3
CODGEO;Code géographique;Code géographique;509;Baccarat;CHAR;3
CODGEO;Code géographique;Code géographique;510;Valgelon-La Rochette;CHAR;3
CODGEO;Code géographique;Code géographique;511;Bellac;CHAR;3
CODGEO;Code géographique;Code géographique;512;Port-Saint-Louis-du-Rhône;CHAR;3
CODGEO;Code géographique;Code géographique;513;La Flotte;CHAR;3
CODGEO;Code géographique;Code géographique;514;Bourbon-Lancy;CHAR;3
CODGEO;Code géographique;Code géographique;515;Mauriac;CHAR;3
CODGEO;Code géographique;Code géographique;516;Château-Arnoux-Saint-Auban;CHAR;3
CODGEO;Code géographique;Code géographique;517;Bitche;CHAR;3
CODGEO;Code géographique;Code géographique;518;Argelès-Gazost;CHAR;3
CODGEO;Code géographique;Code géographique;519;Casteljaloux;CHAR;3
CODGEO;Code géographique;Code géographique;520;Le Pont-de-Beauvoisin;CHAR;3
CODGEO;Code géographique;Code géographique;521;Souillac;CHAR;3
CODGEO;Code géographique;Code géographique;522;Forcalquier;CHAR;3
CODGEO;Code géographique;Code géographique;523;Saint-Jean-Pied-de-Port;CHAR;3
CODGEO;Code géographique;Code géographique;524;Châtillon-sur-Chalaronne;CHAR;3
CODGEO;Code géographique;Code géographique;525;Saint-Méen-le-Grand;CHAR;3
CODGEO;Code géographique;Code géographique;526;Baud;CHAR;3
CODGEO;Code géographique;Code géographique;527;Dieuze;CHAR;3
CODGEO;Code géographique;Code géographique;528;Espalion;CHAR;3
CODGEO;Code géographique;Code géographique;529;Bagnères-de-Luchon;CHAR;3
CODGEO;Code géographique;Code géographique;530;Gannat;CHAR;3
CODGEO;Code géographique;Code géographique;531;Châteauneuf-du-Faou;CHAR;3
CODGEO;Code géographique;Code géographique;532;Chauffailles;CHAR;3
CODGEO;Code géographique;Code géographique;533;Pontorson;CHAR;3
CODGEO;Code géographique;Code géographique;534;Brienne-le-Château;CHAR;3
CODGEO;Code géographique;Code géographique;535;Brou;CHAR;3
CODGEO;Code géographique;Code géographique;536;Saint-Vincent-de-Tyrosse;CHAR;3
CODGEO;Code géographique;Code géographique;537;Sarre-Union;CHAR;3
CODGEO;Code géographique;Code géographique;538;Pluvigner;CHAR;3
CODGEO;Code géographique;Code géographique;539;Argenton-sur-Creuse;CHAR;3
CODGEO;Code géographique;Code géographique;540;Propriano;CHAR;3
CODGEO;Code géographique;Code géographique;541;Morhange;CHAR;3
CODGEO;Code géographique;Code géographique;542;Thiviers;CHAR;3
CODGEO;Code géographique;Code géographique;543;Eauze;CHAR;3
CODGEO;Code géographique;Code géographique;544;Machecoul-Saint-Même;CHAR;3
CODGEO;Code géographique;Code géographique;545;Montmirail;CHAR;3
CODGEO;Code géographique;Code géographique;546;Langeac;CHAR;3
CODGEO;Code géographique;Code géographique;547;Fruges;CHAR;3
CODGEO;Code géographique;Code géographique;548;Saint-Mihiel;CHAR;3
CODGEO;Code géographique;Code géographique;549;Cavalaire-sur-Mer;CHAR;3
CODGEO;Code géographique;Code géographique;550;Morzine;CHAR;3
CODGEO;Code géographique;Code géographique;551;Josselin;CHAR;3
CODGEO;Code géographique;Code géographique;552;Charmes;CHAR;3
CODGEO;Code géographique;Code géographique;553;Thizy-les-Bourgs;CHAR;3
CODGEO;Code géographique;Code géographique;554;La Loupe;CHAR;3
CODGEO;Code géographique;Code géographique;555;Saint-Satur - Sancerre;CHAR;3
CODGEO;Code géographique;Code géographique;556;Pleslin-Trigavou;CHAR;3
CODGEO;Code géographique;Code géographique;557;Locminé;CHAR;3
CODGEO;Code géographique;Code géographique;558;Uzerche;CHAR;3
CODGEO;Code géographique;Code géographique;559;Rouffach;CHAR;3
CODGEO;Code géographique;Code géographique;560;Gaillon;CHAR;3
CODGEO;Code géographique;Code géographique;561;Longué-Jumelles;CHAR;3
CODGEO;Code géographique;Code géographique;562;Vervins;CHAR;3
CODGEO;Code géographique;Code géographique;563;La Charité-sur-Loire;CHAR;3
CODGEO;Code géographique;Code géographique;564;Barcelonnette;CHAR;3
CODGEO;Code géographique;Code géographique;565;Amplepuis;CHAR;3
CODGEO;Code géographique;Code géographique;566;Amélie-les-Bains-Palalda;CHAR;3
CODGEO;Code géographique;Code géographique;567;Quiberon;CHAR;3
CODGEO;Code géographique;Code géographique;568;Blancs-Coteaux;CHAR;3
CODGEO;Code géographique;Code géographique;569;Montoire-sur-le-Loir;CHAR;3
CODGEO;Code géographique;Code géographique;570;Marckolsheim;CHAR;3
CODGEO;Code géographique;Code géographique;571;Bohain-en-Vermandois;CHAR;3
CODGEO;Code géographique;Code géographique;572;Plateau d'Hauteville;CHAR;3
CODGEO;Code géographique;Code géographique;573;Carignan;CHAR;3
CODGEO;Code géographique;Code géographique;574;Saint-Calais;CHAR;3
CODGEO;Code géographique;Code géographique;575;Pons;CHAR;3
CODGEO;Code géographique;Code géographique;576;Blangy-sur-Bresle;CHAR;3
CODGEO;Code géographique;Code géographique;577;Beuzeville;CHAR;3
CODGEO;Code géographique;Code géographique;578;Carnac;CHAR;3
CODGEO;Code géographique;Code géographique;579;Arbois;CHAR;3
CODGEO;Code géographique;Code géographique;580;Les Abrets en Dauphiné;CHAR;3
CODGEO;Code géographique;Code géographique;581;Nonancourt - Saint-Lubin-des-Joncherets;CHAR;3
CODGEO;Code géographique;Code géographique;582;Charolles;CHAR;3
CODGEO;Code géographique;Code géographique;583;Lectoure;CHAR;3
CODGEO;Code géographique;Code géographique;584;Revin;CHAR;3
CODGEO;Code géographique;Code géographique;585;Morestel;CHAR;3
CODGEO;Code géographique;Code géographique;586;Breteuil;CHAR;3
CODGEO;Code géographique;Code géographique;587;Banyuls-sur-Mer;CHAR;3
CODGEO;Code géographique;Code géographique;588;Saint-Aignan;CHAR;3
CODGEO;Code géographique;Code géographique;589;Sarrians;CHAR;3
CODGEO;Code géographique;Code géographique;590;Domfront en Poiraie;CHAR;3
CODGEO;Code géographique;Code géographique;591;Cours;CHAR;3
CODGEO;Code géographique;Code géographique;592;Mallemort;CHAR;3
CODGEO;Code géographique;Code géographique;593;Sainte-Sigolène;CHAR;3
CODGEO;Code géographique;Code géographique;594;Salies-de-Béarn;CHAR;3
CODGEO;Code géographique;Code géographique;595;Sées;CHAR;3
CODGEO;Code géographique;Code géographique;596;Chazelles-sur-Lyon;CHAR;3
CODGEO;Code géographique;Code géographique;597;Phalsbourg;CHAR;3
CODGEO;Code géographique;Code géographique;598;Fayence;CHAR;3
CODGEO;Code géographique;Code géographique;599;Argentat-sur-Dordogne;CHAR;3
CODGEO;Code géographique;Code géographique;600;Lapalisse;CHAR;3
CODGEO;Code géographique;Code géographique;601;Nogaro;CHAR;3
CODGEO;Code géographique;Code géographique;602;Villaines-la-Juhel;CHAR;3
CODGEO;Code géographique;Code géographique;603;Fumay;CHAR;3
CODGEO;Code géographique;Code géographique;604;Forges-les-Eaux;CHAR;3
CODGEO;Code géographique;Code géographique;605;Belz;CHAR;3
CODGEO;Code géographique;Code géographique;606;Beaumont-de-Lomagne;CHAR;3
CODGEO;Code géographique;Code géographique;607;Saint-Fulgent;CHAR;3
CODGEO;Code géographique;Code géographique;608;Port-la-Nouvelle;CHAR;3
CODGEO;Code géographique;Code géographique;609;Miramont-de-Guyenne;CHAR;3
CODGEO;Code géographique;Code géographique;610;Bruyères;CHAR;3
CODGEO;Code géographique;Code géographique;611;Reichshoffen;CHAR;3
CODGEO;Code géographique;Code géographique;612;Laragne-Montéglin;CHAR;3
CODGEO;Code géographique;Code géographique;613;Morcenx-la-Nouvelle;CHAR;3
CODGEO;Code géographique;Code géographique;614;Solesmes;CHAR;3
CODGEO;Code géographique;Code géographique;615;Cugand;CHAR;3
CODGEO;Code géographique;Code géographique;616;Vic-Fezensac;CHAR;3
CODGEO;Code géographique;Code géographique;617;Modane;CHAR;3
CODGEO;Code géographique;Code géographique;618;Lacaune;CHAR;3
CODGEO;Code géographique;Code géographique;619;Venarey-les-Laumes;CHAR;3
CODGEO;Code géographique;Code géographique;620;Salbris;CHAR;3
CODGEO;Code géographique;Code géographique;621;Gourin;CHAR;3
CODGEO;Code géographique;Code géographique;622;Mourmelon-le-Grand;CHAR;3
CODGEO;Code géographique;Code géographique;623;Bonneval;CHAR;3
CODGEO;Code géographique;Code géographique;624;Le Lude;CHAR;3
CODGEO;Code géographique;Code géographique;625;La Voulte-sur-Rhône;CHAR;3
CODGEO;Code géographique;Code géographique;626;Saint-Loup-sur-Semouse;CHAR;3
CODGEO;Code géographique;Code géographique;627;Dompierre-sur-Besbre;CHAR;3
CODGEO;Code géographique;Code géographique;628;Sommières;CHAR;3
CODGEO;Code géographique;Code géographique;629;Étain;CHAR;3
CODGEO;Code géographique;Code géographique;630;Cany-Barville;CHAR;3
CODGEO;Code géographique;Code géographique;631;Sillé-le-Guillaume;CHAR;3
CODGEO;Code géographique;Code géographique;632;L'Île-d'Yeu;CHAR;3
CODGEO;Code géographique;Code géographique;633;Salins-les-Bains;CHAR;3
CODGEO;Code géographique;Code géographique;634;Cerizay;CHAR;3
CODGEO;Code géographique;Code géographique;635;Varennes-sur-Allier;CHAR;3
CODGEO;Code géographique;Code géographique;636;Gorron;CHAR;3
CODGEO;Code géographique;Code géographique;637;Peyrehorade;CHAR;3
CODGEO;Code géographique;Code géographique;638;Saint-Didier-sur-Chalaronne;CHAR;3
CODGEO;Code géographique;Code géographique;639;Maubourguet;CHAR;3
CODGEO;Code géographique;Code géographique;640;Saint-Jean-de-Bournay;CHAR;3
CODGEO;Code géographique;Code géographique;641;Saint-Amour;CHAR;3
CODGEO;Code géographique;Code géographique;642;Saint-Père-en-Retz;CHAR;3
CODGEO;Code géographique;Code géographique;643;Isigny-sur-Mer;CHAR;3
CODGEO;Code géographique;Code géographique;644;Bar-sur-Seine;CHAR;3
CODGEO;Code géographique;Code géographique;645;Aime-la-Plagne;CHAR;3
CODGEO;Code géographique;Code géographique;646;Niederbronn-les-Bains;CHAR;3
CODGEO;Code géographique;Code géographique;647;Durtal;CHAR;3
CODGEO;Code géographique;Code géographique;648;Luneray;CHAR;3
CODGEO;Code géographique;Code géographique;649;Saint-Georges-de-Reneins;CHAR;3
CODGEO;Code géographique;Code géographique;650;Steenvoorde;CHAR;3
CODGEO;Code géographique;Code géographique;651;Saint-Laurent-Nouan;CHAR;3
CODGEO;Code géographique;Code géographique;652;Culoz;CHAR;3
CODGEO;Code géographique;Code géographique;653;Brionne;CHAR;3
CODGEO;Code géographique;Code géographique;654;Mirande;CHAR;3
CODGEO;Code géographique;Code géographique;655;Mazères;CHAR;3
CODGEO;Code géographique;Code géographique;656;Malestroit;CHAR;3
CODGEO;Code géographique;Code géographique;657;Bouxwiller;CHAR;3
CODGEO;Code géographique;Code géographique;658;Lessay;CHAR;3
CODGEO;Code géographique;Code géographique;659;Bouchain;CHAR;3
CODGEO;Code géographique;Code géographique;660;Suippes;CHAR;3
CODGEO;Code géographique;Code géographique;661;Tartas;CHAR;3
CODGEO;Code géographique;Code géographique;662;Fessenheim;CHAR;3
CODGEO;Code géographique;Code géographique;663;Plancoët;CHAR;3
CODGEO;Code géographique;Code géographique;664;Castets;CHAR;3
CODGEO;Code géographique;Code géographique;665;Tarascon-sur-Ariège;CHAR;3
CODGEO;Code géographique;Code géographique;666;Moréac;CHAR;3
CODGEO;Code géographique;Code géographique;667;Broons;CHAR;3
CODGEO;Code géographique;Code géographique;668;Tréguier;CHAR;3
CODGEO;Code géographique;Code géographique;669;Méaulte;CHAR;3
CODGEO;Code géographique;Code géographique;670;Chablis;CHAR;3
CODGEO;Code géographique;Code géographique;671;Saint-Étienne-de-Saint-Geoirs;CHAR;3
CODGEO;Code géographique;Code géographique;672;Saint-Julien-du-Sault;CHAR;3
CODGEO;Code géographique;Code géographique;673;Soultz-sous-Forêts;CHAR;3
CODGEO;Code géographique;Code géographique;674;Saint-Venant;CHAR;3
CODGEO;Code géographique;Code géographique;675;Le Bar-sur-Loup;CHAR;3
CODGEO;Code géographique;Code géographique;676;Le Pouzin;CHAR;3
CODGEO;Code géographique;Code géographique;677;Saint-Geours-de-Maremne;CHAR;3
CODGEO;Code géographique;Code géographique;678;Chaulnes;CHAR;3
CODGEO;Code géographique;Code géographique;679;Montreuil;CHAR;3
CODGEO;Code géographique;Code géographique;680;Flamanville;CHAR;3
CODGEO;Code géographique;Code géographique;681;Val-d'Isère;CHAR;3
CODGEO;Code géographique;Code géographique;682;Villers-la-Montagne;CHAR;3
CODGEO;Code géographique;Code géographique;9B1;Fort-de-France;CHAR;3
CODGEO;Code géographique;Code géographique;9B2;Le Lorrain;CHAR;3
CODGEO;Code géographique;Code géographique;9B3;Basse-Pointe;CHAR;3
CODGEO;Code géographique;Code géographique;9D1;Saint-Denis;CHAR;3
CODGEO;Code géographique;Code géographique;9D2;Saint-Pierre - Le Tampon;CHAR;3
CODGEO;Code géographique;Code géographique;9D3;Le Port;CHAR;3
CODGEO;Code géographique;Code géographique;9D4;Saint-Paul;CHAR;3
CODGEO;Code géographique;Code géographique;9D5;Saint-Louis;CHAR;3
CODGEO;Code géographique;Code géographique;9D6;Saint-Benoît;CHAR;3
CODGEO;Code géographique;Code géographique;9D7;Salazie;CHAR;3
CODGEO;Code géographique;Code géographique;BAL;Bâle - Saint-Louis (partie française);CHAR;3
CODGEO;Code géographique;Code géographique;CHA;Charleroi (partie française);CHAR;3
CODGEO;Code géographique;Code géographique;GEN;Genève - Annemasse (partie française);CHAR;3
CODGEO;Code géographique;Code géographique;LAU;Lausanne (partie française);CHAR;3
CODGEO;Code géographique;Code géographique;LUX;Luxembourg (partie française);CHAR;3
CODGEO;Code géographique;Code géographique;MON;Monaco - Menton (partie française);CHAR;3
CODGEO;Code géographique;Code géographique;SAR;Sarrebruck (partie française);CHAR;3
